cycle,duration,energy_initial,energy_final,energy_loss,q1_initial,u1_initial,q2_initial,u2_initial,q1_final,u1_final,q2_final,u2_final,q1_midpoint,u1_midpoint,q2_midpoint,u2_midpoint,velocity_correction
1,3.3121406374,1004.8643644351,1006.0070219049,1.1426574698,-0.0100000000,-0.1000000000,-0.0100000000,-0.3000000000,-0.1502015668,-0.1929319686,-0.1502015668,-0.3297836581,0.1501813665,-0.1786195885,0.3003627330,-0.0079969363,0.0975879966
2,2.3445396781,999.0862133681,1000.3865885200,1.3003751519,-0.1002015668,-0.1000000000,-0.2002015668,-0.3000000000,0.0294386604,-0.0332965578,0.0294386604,-0.2873754218,0.1722951689,-0.1654387904,0.3445903378,-0.0097254980,0.0678876217
3,4.5122689196,1002.5668767571,1004.1008837697,1.5340070126,0.0794386604,-0.1000000000,-0.0205613396,-0.3000000000,-0.1410601580,-0.1750083226,-0.1410601580,-0.2690798179,0.1175244722,-0.1412886056,0.2350489444,-0.0038850207,0.0811314127
4,2.4666495345,1000.0419295667,1001.0930556745,1.0511261078,-0.0910601580,-0.1000000000,-0.1910601580,-0.3000000000,0.0169711631,-0.0464512516,0.0169711631,-0.3031792368,0.1778623641,-0.1749938107,0.3557247281,-0.0109556040,0.0536430424
